<?xml version="1.0" encoding="UTF-8"?>
<GenRun Id="impl_1" LaunchPart="xc7a35tcpg236-1" LaunchTime="1747325125">
  <File Type="ROUTE-PWR" Name="Instruction_decoder_power_routed.rpt"/>
  <File Type="PA-TCL" Name="Instruction_decoder.tcl"/>
  <File Type="PWROPT-DCP" Name="Instruction_decoder_pwropt.dcp"/>
  <File Type="ROUTE-PWR-SUM" Name="Instruction_decoder_power_summary_routed.pb"/>
  <File Type="REPORTS-TCL" Name="Instruction_decoder_reports.tcl"/>
  <File Type="BG-DRC" Name="Instruction_decoder.drc"/>
  <File Type="OPT-HWDEF" Name="Instruction_decoder.hwdef"/>
  <File Type="OPT-DCP" Name="Instruction_decoder_opt.dcp"/>
  <File Type="OPT-DRC" Name="Instruction_decoder_drc_opted.rpt"/>
  <File Type="PLACE-DCP" Name="Instruction_decoder_placed.dcp"/>
  <File Type="PLACE-IO" Name="Instruction_decoder_io_placed.rpt"/>
  <File Type="PLACE-UTIL" Name="Instruction_decoder_utilization_placed.rpt"/>
  <File Type="PLACE-UTIL-PB" Name="Instruction_decoder_utilization_placed.pb"/>
  <File Type="PLACE-CTRL" Name="Instruction_decoder_control_sets_placed.rpt"/>
  <File Type="PLACE-PRE-SIMILARITY" Name="Instruction_decoder_incremental_reuse_pre_placed.rpt"/>
  <File Type="POSTPLACE-PWROPT-DCP" Name="Instruction_decoder_postplace_pwropt.dcp"/>
  <File Type="PHYSOPT-DCP" Name="Instruction_decoder_physopt.dcp"/>
  <File Type="BG-BIT" Name="Instruction_decoder.bit"/>
  <File Type="ROUTE-ERROR-DCP" Name="Instruction_decoder_routed_error.dcp"/>
  <File Type="ROUTE-DCP" Name="Instruction_decoder_routed.dcp"/>
  <File Type="ROUTE-BLACKBOX-DCP" Name="Instruction_decoder_routed_bb.dcp"/>
  <File Type="ROUTE-DRC" Name="Instruction_decoder_drc_routed.rpt"/>
  <File Type="ROUTE-DRC-PB" Name="Instruction_decoder_drc_routed.pb"/>
  <File Type="ROUTE-DRC-RPX" Name="Instruction_decoder_drc_routed.rpx"/>
  <File Type="BITSTR-MSK" Name="Instruction_decoder.msk"/>
  <File Type="ROUTE-METHODOLOGY-DRC" Name="Instruction_decoder_methodology_drc_routed.rpt"/>
  <File Type="BG-BGN" Name="Instruction_decoder.bgn"/>
  <File Type="ROUTE-METHODOLOGY-DRC-RPX" Name="Instruction_decoder_methodology_drc_routed.rpx"/>
  <File Type="BITSTR-RBT" Name="Instruction_decoder.rbt"/>
  <File Type="ROUTE-METHODOLOGY-DRC-PB" Name="Instruction_decoder_methodology_drc_routed.pb"/>
  <File Type="BG-BIN" Name="Instruction_decoder.bin"/>
  <File Type="ROUTE-PWR-RPX" Name="Instruction_decoder_power_routed.rpx"/>
  <File Type="ROUTE-STATUS" Name="Instruction_decoder_route_status.rpt"/>
  <File Type="ROUTE-STATUS-PB" Name="Instruction_decoder_route_status.pb"/>
  <File Type="ROUTE-TIMINGSUMMARY" Name="Instruction_decoder_timing_summary_routed.rpt"/>
  <File Type="ROUTE-TIMING-PB" Name="Instruction_decoder_timing_summary_routed.pb"/>
  <File Type="ROUTE-TIMING-RPX" Name="Instruction_decoder_timing_summary_routed.rpx"/>
  <File Type="ROUTE-CLK" Name="Instruction_decoder_clock_utilization_routed.rpt"/>
  <File Type="RDI-RDI" Name="Instruction_decoder.vdi"/>
  <File Type="POSTROUTE-PHYSOPT-DCP" Name="Instruction_decoder_postroute_physopt.dcp"/>
  <File Type="POSTROUTE-PHYSOPT-BLACKBOX-DCP" Name="Instruction_decoder_postroute_physopt_bb.dcp"/>
  <File Type="BITSTR-NKY" Name="Instruction_decoder.nky"/>
  <File Type="BITSTR-BMM" Name="Instruction_decoder_bd.bmm"/>
  <File Type="BITSTR-MMI" Name="Instruction_decoder.mmi"/>
  <File Type="BITSTR-LTX" Name="Instruction_decoder.ltx"/>
  <File Type="BITSTR-SYSDEF" Name="Instruction_decoder.sysdef"/>
  <File Type="WBT-USG" Name="usage_statistics_webtalk.html"/>
  <FileSet Name="sources" Type="DesignSrcs" RelSrcDir="$PSRCDIR/sources_1">
    <Filter Type="Srcs"/>
    <File Path="$PSRCDIR/sources_1/new/Decorder_2_to_4.vhd">
      <FileInfo>
        <Attr Name="UsedIn" Val="synthesis"/>
        <Attr Name="UsedIn" Val="simulation"/>
      </FileInfo>
    </File>
    <File Path="$PSRCDIR/sources_1/new/Instruction_decoder.vhd">
      <FileInfo>
        <Attr Name="UsedIn" Val="synthesis"/>
        <Attr Name="UsedIn" Val="simulation"/>
      </FileInfo>
    </File>
    <File Path="$PSRCDIR/sources_1/new/Decorder_3_to_8.vhd">
      <FileInfo>
        <Attr Name="AutoDisabled" Val="1"/>
        <Attr Name="UsedIn" Val="synthesis"/>
        <Attr Name="UsedIn" Val="simulation"/>
      </FileInfo>
    </File>
    <File Path="$PSRCDIR/sources_1/new/FA.vhd">
      <FileInfo>
        <Attr Name="AutoDisabled" Val="1"/>
        <Attr Name="UsedIn" Val="synthesis"/>
        <Attr Name="UsedIn" Val="simulation"/>
      </FileInfo>
    </File>
    <File Path="$PSRCDIR/sources_1/new/HA.vhd">
      <FileInfo>
        <Attr Name="AutoDisabled" Val="1"/>
        <Attr Name="UsedIn" Val="synthesis"/>
        <Attr Name="UsedIn" Val="simulation"/>
      </FileInfo>
    </File>
    <File Path="$PSRCDIR/sources_1/new/RCA_4.vhd">
      <FileInfo>
        <Attr Name="AutoDisabled" Val="1"/>
        <Attr Name="UsedIn" Val="synthesis"/>
        <Attr Name="UsedIn" Val="simulation"/>
      </FileInfo>
    </File>
    <File Path="$PSRCDIR/sources_1/new/LUT_16_7.vhd">
      <FileInfo>
        <Attr Name="AutoDisabled" Val="1"/>
        <Attr Name="UsedIn" Val="synthesis"/>
        <Attr Name="UsedIn" Val="simulation"/>
      </FileInfo>
    </File>
    <File Path="$PSRCDIR/sources_1/new/Program_Rom.vhd">
      <FileInfo>
        <Attr Name="AutoDisabled" Val="1"/>
        <Attr Name="UsedIn" Val="synthesis"/>
        <Attr Name="UsedIn" Val="simulation"/>
      </FileInfo>
    </File>
    <File Path="$PSRCDIR/sources_1/new/RCA_3.vhd">
      <FileInfo>
        <Attr Name="AutoDisabled" Val="1"/>
        <Attr Name="UsedIn" Val="synthesis"/>
        <Attr Name="UsedIn" Val="simulation"/>
      </FileInfo>
    </File>
    <File Path="$PSRCDIR/sources_1/new/Slow_Clk.vhd">
      <FileInfo>
        <Attr Name="AutoDisabled" Val="1"/>
        <Attr Name="UsedIn" Val="synthesis"/>
        <Attr Name="UsedIn" Val="simulation"/>
      </FileInfo>
    </File>
    <Config>
      <Option Name="DesignMode" Val="RTL"/>
      <Option Name="TopModule" Val="Instruction_decoder"/>
    </Config>
  </FileSet>
  <FileSet Name="constrs_in" Type="Constrs" RelSrcDir="$PSRCDIR/constrs_1">
    <Filter Type="Constrs"/>
    <Config>
      <Option Name="ConstrsType" Val="XDC"/>
    </Config>
  </FileSet>
  <Strategy Version="1" Minor="2">
    <StratHandle Name="Vivado Implementation Defaults" Flow="Vivado Implementation 2018"/>
    <Step Id="init_design"/>
    <Step Id="opt_design"/>
    <Step Id="power_opt_design"/>
    <Step Id="place_design"/>
    <Step Id="post_place_power_opt_design"/>
    <Step Id="phys_opt_design"/>
    <Step Id="route_design"/>
    <Step Id="post_route_phys_opt_design"/>
    <Step Id="write_bitstream"/>
  </Strategy>
</GenRun>
